Date,2004.1.15,2004.2.15,2004.3.15,2004.4.15,2004.5.15,2004.6.15,2004.7.15,2004.8.15,2004.9.15,2004.10.15,2004.11.15,2004.12.15,2005.1.15,2005.2.15,2005.3.15,2005.4.15,2005.5.15,2005.6.15,2005.7.15,2005.8.15,2005.9.15,2005.10.15,2005.11.15,2005.12.15,2006.1.15,2006.2.15,2006.3.15,2006.4.15,2006.5.15,2006.6.15,2006.7.15,2006.8.15,2006.9.15,2006.10.15,2006.11.15,2006.12.15,2007.1.15,2007.2.15,2007.3.15,2007.4.15,2007.5.15,2007.6.15,2007.7.15,2007.8.15,2007.9.15,2007.10.15,2007.11.15,2007.12.15,2008.1.15,2008.2.15,2008.3.15,2008.4.15,2008.5.15,2008.6.15,2008.7.15,2008.8.15,2008.9.15,2008.10.15,2008.11.15,2008.12.15,2009.1.15,2009.2.15,2009.3.15,2009.4.15,2009.5.15,2009.6.15,2009.7.15,2009.8.15,2009.9.15,2009.10.15,2009.11.15,2009.12.15,2010.1.15,2010.2.15,2010.3.15,2010.4.15,2010.5.15,2010.6.15,2010.7.15,2010.8.15,2010.9.15,2010.10.15,2010.11.15,2010.12.15,2011.1.15,2011.2.15,2011.3.15,2011.4.15,2011.5.15,2011.6.15,2011.7.15,2011.8.15,2011.9.15,2011.10.15,2011.11.15,2011.12.15,2012.1.15,2012.2.15,2012.3.15,2012.4.15,2012.5.15,2012.6.15,2012.7.15,2012.8.15,2012.9.15,2012.10.15,2012.11.15,2012.12.15,2013.1.15,2013.2.15,2013.3.15,2013.4.15,2013.5.15,2013.6.15,2013.7.15,2013.8.15,2013.9.15,2013.10.15,2013.11.15,2013.12.15,2014.1.15,2014.2.15,2014.3.15,2014.4.15,2014.5.15,2014.6.15,2014.7.15,2014.8.15,2014.9.15,2014.10.15,2014.11.15,2014.12.15,2015.1.15,2015.2.15,2015.3.15,2015.4.15,2015.5.15,2015.6.15,2015.7.15,2015.8.15,2015.9.15,2015.10.15,2015.11.15,2015.12.15,2016.1.15,2016.2.15,2016.3.15,2016.4.15,2016.5.15,2016.6.15,2016.7.15,2016.8.15,2016.9.15,2016.10.15,2016.11.15,2016.12.15,2017.1.15,2017.2.15,2017.3.15,2017.4.15,2017.5.15,2017.6.15,2017.7.15,2017.8.15,2017.9.15,2017.10.15,2017.11.15,2017.12.15,2018.1.15,2018.2.15,2018.3.15,2018.4.15,2018.5.15,2018.6.15,2018.7.15,2018.8.15,2018.9.15,2018.10.15,2018.11.15,2018.12.15,2019.1.15,2019.2.15,2019.3.15,2019.4.15,2019.5.15,2019.6.15,2019.7.15,2019.8.15,2019.9.15,2019.10.15,2019.11.15,2019.12.15,2020.1.15,2020.2.15,2020.3.15,2020.4.15,2020.5.15,2020.6.15,2020.7.15,2020.8.15,2020.9.15,2020.10.15,2020.11.15,2020.12.15,2021.1.15,2021.2.15,2021.3.15,2021.4.15,2021.5.15,2021.6.15,2021.7.15,2021.8.15,2021.9.15,2021.10.15,2021.11.15,2021.12.15,2022.1.15,2022.2.15,2022.3.15,2022.4.15,2022.5.15,2022.6.15,2022.7.15,2022.8.15,2022.9.15,2022.10.15,2022.11.15,2022.12.15,2023.1.15,2023.2.15,2023.3.15,2023.4.15,2023.5.15,2023.6.15,2023.7.15,2023.8.15,2023.9.15,2023.10.15,2023.11.15,2023.12.15,2024.1.15,2024.2.15,2024.3.15,2024.4.15,2024.5.15,2024.6.15,2024.7.15,2024.8.15,2024.9.15,2024.10.15,2024.11.15,2024.12.15,2025.1.15,2025.2.15,2025.3.15,2025.4.15,2025.5.15,2025.6.15,2025.7.15,2025.8.15,2025.9.15,2025.10.15,2025.11.15,2025.12.15
region_HPI,,,,,,,,,,,,,,,,,,,,,,,,,58.4,59.4,60.9,61.6,61.8,61.8,62.2,63,64.2,67.2,70.1,72.2,73.2,73,73.5,73.3,72.5,73.6,74.3,74.8,75.2,75.6,75.6,76,77.1,78.4,80.5,82.3,83.4,83.6,82.7,82.5,80.7,77.6,72.7,68.3,71.1,74,75,77.2,78.7,80.4,82,83.9,84.7,84.2,83,82.7,83.8,83.9,83.1,81.3,80,79.3,78.2,77.9,78.3,78.4,79.2,80.1,81.2,82,81.7,81.2,80.6,80,80,80.2,80,79.4,78.6,77.7,78,77.7,77.1,76.2,75.8,75.2,74.2,73.6,73.2,73,72.8,72.1,72.5,72.7,73.4,73.7,73.9,73.4,73.3,73.7,74.2,74.7,74.5,74.3,75,75.6,76,75.9,75.7,75.6,75.7,76.4,77.1,77.5,77.4,77.4,77.9,78.5,79.4,80.2,80.9,81.4,82.5,83.2,83.9,84.4,84.8,84.4,84.2,84.4,84.5,84.8,85.5,86.5,87.9,89.2,90.4,91.6,91.8,91.2,91,91,91.7,91.9,93.4,95.3,97.7,98,98.3,99.4,100,100.9,103,104.8,106.1,107.5,108,108.6,110.3,115,121.6,122.4,120.7,119.2,117.9,117.1,116.1,116.2,117.3,119.7,122.2,124,125.3,127.3,129.7,131.9,132.9,134.8,135.9,134.7,135.4,140.4,147.6,152.3,154.5,155.7,158.6,162,167.1,169.4,170.2,171.4,174.7,178.9,182.7,186.4,189.2,189.9,186.6,183.7,182.6,180.8,183.1,184.4,181.9,182,174.8,169.2,165.6,157.4,148.9,143.1,145,147.8,149.9,152.3,154.2,156.8,158.5,160.5,161.9,161.7,159.4,157.5,158,158.8,159,160,161.4,164.1,167.6,170.2,170.4,170.5,170.7,,,,,,,,,,,,,
call_rate,3.78,3.75,3.75,3.75,3.76,3.76,3.76,3.6,3.52,3.52,3.34,3.27,3.26,3.26,3.24,3.25,3.29,3.27,3.24,3.24,3.24,3.45,3.49,3.7,3.74,3.92,3.97,3.97,3.96,4.17,4.21,4.42,4.47,4.48,4.47,4.5,4.63,4.6,4.6,4.69,4.61,4.54,4.67,4.92,4.98,5,5,4.99,4.99,4.97,4.97,4.99,4.97,4.95,4.98,5.22,5.22,4.88,4,3.27,2.43,2.06,1.77,1.8,1.91,1.93,1.93,1.98,1.99,1.99,2,2,2,2,2.01,2,2.01,2,2.21,2.27,2.27,2.26,2.37,2.5,2.66,2.75,2.92,3.01,3.02,3.21,3.26,3.25,3.25,3.24,3.26,3.26,3.26,3.25,3.25,3.25,3.26,3.26,3.08,3,2.99,2.8,2.75,2.75,2.76,2.75,2.74,2.75,2.55,2.49,2.48,2.5,2.5,2.5,2.5,2.5,2.5,2.49,2.48,2.49,2.49,2.48,2.49,2.34,2.23,2.06,1.98,1.99,1.99,1.99,1.82,1.73,1.74,1.57,1.48,1.49,1.48,1.48,1.49,1.48,1.49,1.49,1.49,1.49,1.49,1.29,1.23,1.23,1.24,1.23,1.23,1.23,1.24,1.23,1.23,1.23,1.23,1.24,1.24,1.23,1.25,1.24,1.26,1.51,1.49,1.49,1.49,1.47,1.5,1.49,1.49,1.5,1.54,1.52,1.51,1.77,1.75,1.76,1.76,1.75,1.75,1.76,1.63,1.51,1.52,1.35,1.28,1.28,1.27,1.24,0.98,0.74,0.7,0.48,0.48,0.5,0.48,0.51,0.49,0.51,0.49,0.49,0.49,0.48,0.48,0.51,0.53,0.56,0.77,0.74,0.8,1.01,1.19,1.22,1.24,1.3,1.51,1.75,1.97,2.26,2.53,2.96,3.1,3.24,3.27,3.43,3.43,3.47,3.57,3.57,3.51,3.54,3.6,3.52,3.57,3.64,3.47,3.58,3.47,3.52,3.53,3.55,3.52,3.53,3.53,3.32,3.25,3.06,,,,,,,,,,,,
bond_3yr,4.88,4.83,4.58,4.54,4.39,4.28,4.19,3.82,3.59,3.54,3.42,3.28,3.65,4.19,4.04,3.86,3.71,3.79,4.12,4.33,4.52,4.81,5.1,5.06,5.02,4.87,4.93,4.95,4.78,4.89,4.89,4.77,4.69,4.62,4.72,4.82,4.97,4.91,4.79,4.94,5.1,5.24,5.35,5.28,5.39,5.42,5.54,5.89,5.44,5.06,5.15,4.98,5.28,5.7,5.96,5.77,5.81,5.09,4.97,3.97,3.44,3.78,3.69,3.76,3.83,4.09,4.09,4.42,4.4,4.47,4.32,4.24,4.29,4.19,3.94,3.77,3.7,3.75,3.88,3.73,3.48,3.24,3.4,3.25,3.71,3.94,3.74,3.74,3.66,3.65,3.77,3.57,3.45,3.47,3.39,3.36,3.37,3.43,3.55,3.5,3.38,3.29,3.01,2.83,2.81,2.78,2.8,2.85,2.75,2.7,2.6,2.55,2.59,2.87,2.91,2.94,2.9,2.83,2.94,2.94,2.89,2.85,2.87,2.88,2.84,2.75,2.56,2.54,2.41,2.24,2.14,2.14,2.04,2.02,1.87,1.74,1.88,1.77,1.78,1.74,1.65,1.63,1.75,1.72,1.63,1.47,1.5,1.47,1.46,1.33,1.22,1.24,1.31,1.36,1.61,1.69,1.64,1.67,1.71,1.68,1.7,1.67,1.74,1.78,1.79,2.03,2.15,2.1,2.19,2.28,2.27,2.19,2.25,2.18,2.1,2.02,1.95,2.01,1.94,1.83,1.81,1.8,1.79,1.74,1.68,1.5,1.38,1.16,1.29,1.36,1.49,1.39,1.37,1.25,1.09,1.02,0.88,0.85,0.83,0.83,0.91,0.91,0.97,0.97,0.98,1,1.13,1.14,1.13,1.3,1.42,1.41,1.52,1.84,1.95,1.8,2.06,2.29,2.37,2.94,3.02,3.48,3.24,3.25,3.9,4.24,3.9,3.63,3.46,3.47,3.46,3.26,3.33,3.55,3.64,3.73,3.84,4.03,3.77,3.35,3.27,3.35,3.31,3.44,3.43,3.26,3.08,2.92,2.87,2.91,2.86,2.59,,,,,,,,,,,,
bond_5yr,5.16,5.13,4.88,4.88,4.75,4.58,4.47,4.01,3.75,3.67,3.53,3.39,3.89,4.47,4.29,4.11,3.89,3.97,4.39,4.67,4.81,5.06,5.39,5.33,5.29,5.03,5.13,5.16,4.93,5.03,5,4.83,4.76,4.67,4.79,4.88,5,4.94,4.82,4.96,5.13,5.35,5.43,5.33,5.44,5.49,5.59,5.9,5.51,5.14,5.2,5.02,5.36,5.8,6.02,5.83,5.86,5.16,5.17,4.3,3.97,4.6,4.49,4.43,4.53,4.72,4.61,4.91,4.85,4.91,4.84,4.76,4.84,4.76,4.47,4.44,4.41,4.41,4.45,4.27,3.91,3.66,4.03,4.02,4.3,4.41,4.13,4.1,3.97,3.92,3.98,3.73,3.56,3.6,3.53,3.51,3.5,3.55,3.69,3.64,3.49,3.41,3.12,2.94,2.89,2.85,2.87,2.98,2.86,2.83,2.69,2.63,2.68,3.08,3.18,3.26,3.17,3.08,3.24,3.3,3.26,3.16,3.17,3.17,3.08,2.97,2.77,2.77,2.65,2.42,2.33,2.33,2.16,2.11,1.97,1.86,2.11,2.04,2.05,1.95,1.85,1.78,1.95,1.9,1.77,1.59,1.61,1.57,1.55,1.41,1.25,1.26,1.35,1.41,1.74,1.87,1.82,1.86,1.91,1.86,1.91,1.86,1.94,1.99,1.99,2.25,2.36,2.3,2.44,2.54,2.5,2.44,2.53,2.44,2.34,2.24,2.13,2.16,2.05,1.89,1.88,1.87,1.84,1.77,1.72,1.53,1.42,1.2,1.35,1.44,1.59,1.48,1.48,1.36,1.27,1.26,1.13,1.13,1.09,1.09,1.19,1.2,1.3,1.32,1.32,1.35,1.55,1.58,1.65,1.7,1.69,1.65,1.79,2.15,2.17,1.98,2.28,2.5,2.6,3.14,3.23,3.65,3.3,3.3,3.94,4.29,3.95,3.59,3.42,3.47,3.45,3.25,3.32,3.55,3.64,3.77,3.88,4.14,3.82,3.37,3.3,3.39,3.34,3.5,3.47,3.28,3.11,2.95,2.92,2.97,2.91,2.68,,,,,,,,,,,,
bond_10yr,5.42,5.43,5.26,5.25,5.16,5.01,4.88,4.33,4.14,4.05,3.96,3.85,4.42,4.88,4.77,4.69,4.42,4.46,4.89,5.08,5.15,5.36,5.68,5.6,5.58,5.28,5.42,5.45,5.2,5.25,5.16,4.94,4.89,4.79,4.91,4.95,5.04,5.01,4.94,5.07,5.22,5.48,5.52,5.42,5.52,5.56,5.61,5.82,5.56,5.28,5.36,5.17,5.5,5.89,6.03,5.91,5.99,5.53,5.73,4.87,4.42,5.24,4.97,4.9,5.05,5.26,5.18,5.44,5.38,5.45,5.39,5.31,5.35,5.3,4.92,4.91,4.95,4.93,4.91,4.68,4.28,4.11,4.48,4.46,4.69,4.76,4.51,4.48,4.34,4.24,4.23,3.96,3.75,3.86,3.8,3.81,3.8,3.81,3.95,3.9,3.75,3.63,3.3,3.09,3.05,2.97,2.99,3.13,3.05,3.04,2.91,2.84,2.9,3.31,3.47,3.61,3.53,3.44,3.58,3.65,3.65,3.52,3.54,3.54,3.4,3.3,3.06,3.09,3.01,2.77,2.69,2.68,2.42,2.35,2.28,2.18,2.49,2.47,2.45,2.31,2.22,2.09,2.25,2.18,2.03,1.83,1.85,1.81,1.79,1.62,1.4,1.42,1.51,1.6,1.97,2.16,2.11,2.16,2.22,2.18,2.26,2.17,2.25,2.29,2.29,2.46,2.54,2.47,2.63,2.77,2.71,2.66,2.76,2.66,2.55,2.46,2.32,2.34,2.21,1.99,1.99,1.99,1.95,1.89,1.83,1.62,1.51,1.25,1.42,1.58,1.75,1.65,1.66,1.54,1.49,1.5,1.39,1.39,1.36,1.37,1.5,1.51,1.61,1.68,1.73,1.85,2.04,2.04,2.13,2.1,1.98,1.91,2.06,2.4,2.36,2.19,2.49,2.69,2.78,3.22,3.3,3.64,3.3,3.32,3.9,4.27,3.92,3.54,3.41,3.45,3.45,3.32,3.4,3.61,3.68,3.86,3.95,4.27,3.89,3.42,3.35,3.43,3.39,3.57,3.53,3.34,3.17,3,3.01,3.07,3.01,2.77,,,,,,,,,,,,
loan_rate_avg,6.25,6.09,6.12,6.02,5.97,6.06,5.96,5.81,5.74,5.71,5.6,5.52,5.58,5.53,5.63,5.59,5.5,5.5,5.51,5.49,5.61,5.73,5.71,5.74,5.79,5.76,5.89,5.83,5.89,5.98,6.1,6.16,6.13,6.09,6.04,6.19,6.32,6.34,6.37,6.35,6.48,6.42,6.41,6.56,6.7,6.79,6.8,7.08,7.25,6.9,6.9,6.91,6.96,7.02,7.12,7.31,7.44,7.79,7.53,6.89,5.91,5.57,5.5,5.4,5.42,5.47,5.53,5.61,5.82,5.88,5.87,5.81,5.94,5.84,5.69,5.49,5.4,5.32,5.39,5.51,5.45,5.37,5.34,5.4,5.64,5.66,5.78,5.7,5.76,5.8,5.86,5.84,5.76,5.77,5.83,5.69,5.79,5.71,5.74,5.71,5.66,5.58,5.45,5.22,5.13,4.98,4.94,4.84,5,4.91,4.77,4.73,4.62,4.52,4.6,4.55,4.54,4.46,4.5,4.52,4.53,4.45,4.46,4.42,4.4,4.4,4.39,4.18,4.14,4,3.88,3.91,3.9,3.86,3.61,3.36,3.56,3.49,3.43,3.44,3.43,3.42,3.44,3.46,3.49,3.47,3.5,3.44,3.45,3.31,3.23,3.23,3.27,3.29,3.36,3.44,3.51,3.45,3.48,3.42,3.45,3.44,3.45,3.43,3.46,3.46,3.55,3.62,3.69,3.68,3.67,3.65,3.68,3.65,3.67,3.63,3.61,3.64,3.66,3.72,3.73,3.7,3.66,3.65,3.62,3.49,3.4,3.19,3.31,3.2,3.18,3.22,3.19,3.08,2.91,2.8,2.82,2.72,2.7,2.63,2.66,2.66,2.71,2.74,2.72,2.74,2.77,2.74,2.72,2.77,2.77,2.87,2.96,3.07,3.23,3.25,3.45,3.51,3.5,3.57,3.68,3.9,4.21,4.52,4.71,5.26,5.64,5.57,5.46,5.32,5.17,5.01,5.12,5.17,5.11,5.1,5.17,5.24,5.26,5.14,5.04,4.85,4.85,4.77,4.78,4.71,4.55,4.48,4.62,4.67,4.76,4.64,,,,,,,,,,,,
loan_rate_corporate,6.23,6.11,6.13,6.01,5.95,6.08,5.97,5.86,5.77,5.73,5.63,5.54,5.64,5.63,5.65,5.66,5.57,5.6,5.58,5.53,5.67,5.75,5.75,5.8,5.85,5.94,5.99,5.92,5.99,6.09,6.16,6.2,6.21,6.18,6.16,6.3,6.39,6.43,6.41,6.37,6.51,6.47,6.46,6.59,6.74,6.82,6.82,7.16,7.26,6.93,6.92,6.91,6.96,7.04,7.12,7.3,7.44,7.8,7.51,6.87,5.94,5.56,5.48,5.43,5.43,5.53,5.53,5.6,5.78,5.84,5.84,5.79,5.92,5.83,5.74,5.51,5.48,5.4,5.45,5.57,5.51,5.41,5.4,5.52,5.71,5.81,5.96,5.8,5.83,5.89,5.98,5.92,5.87,5.86,5.9,5.81,5.83,5.74,5.79,5.76,5.74,5.67,5.53,5.36,5.3,5.08,5.05,5.01,5.04,5.03,4.86,4.82,4.73,4.7,4.69,4.61,4.59,4.56,4.58,4.67,4.62,4.58,4.57,4.51,4.5,4.53,4.54,4.35,4.28,4.14,4.02,4.07,4.02,4.02,3.81,3.67,3.71,3.61,3.54,3.57,3.56,3.57,3.56,3.62,3.57,3.57,3.6,3.55,3.55,3.41,3.37,3.38,3.37,3.38,3.45,3.54,3.55,3.49,3.53,3.42,3.45,3.45,3.44,3.44,3.48,3.45,3.54,3.64,3.68,3.69,3.66,3.64,3.66,3.63,3.64,3.62,3.62,3.65,3.69,3.77,3.81,3.78,3.71,3.71,3.67,3.58,3.52,3.32,3.42,3.28,3.29,3.36,3.32,3.19,2.94,2.77,2.83,2.75,2.74,2.68,2.7,2.68,2.72,2.73,2.69,2.69,2.74,2.68,2.67,2.72,2.69,2.78,2.88,2.94,3.12,3.14,3.3,3.37,3.39,3.45,3.6,3.84,4.12,4.46,4.66,5.27,5.67,5.56,5.47,5.36,5.25,5.09,5.2,5.32,5.25,5.21,5.27,5.33,5.36,5.29,5.22,5.03,4.96,4.88,4.9,4.88,4.78,4.67,4.77,4.71,4.76,4.62,,,,,,,,,,,,
loan_rate_household,6.34,6.08,6.11,6.07,6.02,6,5.92,5.69,5.66,5.62,5.57,5.48,5.51,5.52,5.6,5.43,5.34,5.28,5.34,5.38,5.5,5.7,5.64,5.63,5.69,5.71,5.68,5.62,5.64,5.72,5.95,6.03,5.9,5.84,5.82,5.97,6.2,6.25,6.32,6.3,6.39,6.33,6.38,6.51,6.66,6.71,6.75,6.99,7.21,6.95,6.89,6.99,6.95,6.93,7.12,7.35,7.45,7.77,7.62,7.01,5.84,5.73,5.62,5.5,5.48,5.47,5.58,5.63,5.96,6.05,6,5.95,6.02,5.92,5.8,5.46,5.16,5.15,5.13,5.26,5.22,5.21,5.15,5.08,5.3,5.26,5.41,5.42,5.49,5.47,5.46,5.58,5.66,5.56,5.6,5.37,5.8,5.67,5.62,5.54,5.51,5.38,5.2,4.9,4.86,4.84,4.74,4.54,4.84,4.61,4.55,4.42,4.3,4.11,4.31,4.33,4.26,4.21,4.19,4.1,4.15,4.05,4.09,4.04,4.02,3.94,3.93,3.76,3.76,3.64,3.55,3.55,3.59,3.48,3.21,2.96,3.27,3.22,3.17,3.13,3.11,3.06,3.16,3.23,3.28,3.21,3.24,3.17,3.16,3.06,2.96,2.95,3.03,3.08,3.2,3.29,3.39,3.38,3.43,3.41,3.47,3.41,3.46,3.39,3.41,3.51,3.59,3.61,3.71,3.65,3.69,3.69,3.75,3.72,3.73,3.66,3.62,3.64,3.63,3.61,3.58,3.5,3.53,3.48,3.49,3.25,3.12,2.92,3.02,3.01,2.96,2.98,2.95,2.9,2.88,2.89,2.81,2.67,2.62,2.55,2.59,2.64,2.72,2.79,2.83,2.81,2.88,2.91,2.89,2.92,2.98,3.1,3.18,3.46,3.61,3.66,3.91,3.93,3.98,4.05,4.14,4.23,4.53,4.76,5.15,5.34,5.57,5.64,5.47,5.22,4.96,4.82,4.83,4.81,4.8,4.83,4.9,5.04,5.04,4.82,4.68,4.49,4.5,4.48,4.49,4.26,4.06,4.08,4.23,4.55,4.79,4.72,,,,,,,,,,,,
USD_KRW_rate,,,,1173.3,1160.1,1155.5,1170,1153,1151.8,1119.6,1048.2,1035.1,1025.6,1006,1015.5,1002.8,1007.7,1025.4,1026.8,1038.5,1041.1,1040.2,1033.5,1011.6,964.6,970.9,971.6,943.4,945.6,948.9,955.2,961.4,946.2,942.3,929.5,929.8,941,941.8,940.9,930.8,927.7,923.8,919.3,938.3,915.1,900.7,921.1,936.1,943.9,939,990.4,1002.6,1030.1,1046,1012.2,1089,1207,1291,1469,1259.5,1379.5,1534,1383.5,1282,1255,1273.9,1228.5,1248.9,1178.1,1182.5,1162.8,1164.5,1161.8,1160,1131.3,1108.4,1202.5,1222.2,1182.7,1198.1,1140.2,1125.3,1159.7,1134.8,1121.5,1128.7,1096.7,1071.5,1079.2,1067.7,1054.5,1066.8,1178.1,1110,1143,1151,1123,1118,1133,1130,1180,1145,1130,1134,1111.4,1090.7,1082.9,1070.6,1089,1083,1111,1101,1129.7,1142,1123.5,1110,1074.7,1060.7,1058.2,1055.4,1070.4,1067.5,1064.7,1033.2,1020.1,1011.8,1027.9,1014,1055.2,1068.5,1107.9,1099.3,1093.5,1098.4,1109.5,1072.4,1108.2,1115.5,1170,1182.5,1185.3,1140.1,1158.1,1172.5,1199.1,1236.7,1143.5,1139.3,1191.7,1151.8,1120.2,1114.8,1101.3,1144.5,1169.1,1207.7,1162.1,1130.7,1118.4,1137.9,1119.5,1144.1,1119,1127.8,1145.4,1120.4,1088.2,1070.5,1067.9,1082.8,1063.5,1068,1077.7,1114.5,1118.7,1112.9,1109.3,1139.6,1121.2,1115.7,1112.7,1124.7,1135.1,1168.2,1190.9,1154.7,1183.1,1211.2,1196.2,1163.4,1181.2,1156.4,1191.8,1213.7,1217.4,1218.2,1238.5,1203,1191.3,1187.8,1169.5,1135.1,1106.5,1086.3,1118.8,1123.5,1131.8,1112.3,1110.9,1126.1,1150.3,1159.5,1184,1168.6,1187.9,1188.8,1205.5,1202.3,1212.1,1255.9,1237.2,1298.4,1299.1,1337.6,1430.2,1424.3,1318.8,1264.5,1231.9,1322.6,1301.9,1337.7,1327.2,1317.7,1274.6,1321.8,1349.3,1350.5,1290,1288,1334.6,1331.5,1347.2,1382,1384.5,1376.7,1376.5,1336,1307.8,1379.9,1394.7,1472.5,1452.7,,,,,,,,,,,
KOSPI,845.5294444444445,867.4514999999999,875.5781818181819,907.1424999999999,798.7878947368421,771.6118181818182,746.0677272727273,770.3063636363637,835.9157894736842,849.1133333333333,863.1018181818181,873.0613636363636,903.3490476190477,964.4782352941177,988.2277272727272,955.4105,938.9795238095238,991.3361904761905,1058.7066666666667,1101.835,1171.017142857143,1190.8645000000001,1253.2572727272727,1338.8090476190478,1379.3238095238096,1341.722,1331.72,1415.9209999999998,1388.8345,1249.1904761904761,1277.9950000000001,1316.0845454545454,1356.5261904761905,1354.0378947368422,1403.925909090909,1418.8326315789473,1379.25,1434.8942105263159,1431.6233333333334,1517.1157142857144,1614.9433333333332,1754.284,1911.5590476190475,1815.0200000000002,1879.0335294117647,2004.5513636363635,1924.840909090909,1903.9866666666667,1732.2859090909092,1689.533888888889,1651.1542857142856,1776.577142857143,1846.7505263157896,1758.1695,1569.5995652173913,1537.5455,1446.5638095238096,1201.6959090909093,1073.9450000000002,1114.8999999999999,1156.374210526316,1139.7455,1140.4545454545455,1322.0981818181817,1400.497894736842,1395.2431818181817,1460.0330434782609,1577.907142857143,1659.4468181818183,1630.6128571428574,1583.4666666666667,1646.6371428571426,1682.1575,1598.9563157894736,1665.5040909090908,1730.286818181818,1648.3,1691.9371428571428,1731.1227272727272,1762.1836363636364,1815.7494736842104,1889.6971428571428,1924.7072727272725,2002.5040909090908,2091.6099999999997,2002.8694117647058,2002.669090909091,2153.132380952381,2121.8720000000003,2074.6438095238095,2150.0561904761903,1869.4077272727272,1790.9495,1825.878,1858.7954545454545,1863.23,1891.0115,2003.2314285714285,2023.407142857143,1995.9195,1886.3509523809525,1848.5994999999998,1826.75,1918.9122727272727,1961.289,1942.1938095238095,1904.703181818182,1973.8416666666667,1986.1031818181816,1979.8547368421052,1990.243,1938.8840909090907,1974.4538095238095,1884.4126315789472,1871.7682608695652,1896.9619047619046,1984.3944444444444,2029.675238095238,2009.9242857142858,1988.334,1948.2195,1937.7329999999997,1952.4295238095237,1991.1913636363636,1994.1347368421052,1995.0836842105261,2021.9521739130435,2060.9335,2042.7105263157894,1942.8028571428572,1959.6470000000002,1941.9257142857143,1920.992857142857,1961.001176470588,2012.619090909091,2107.268181818182,2114.898888888889,2063.685909090909,2058.034347826087,1952.5490000000002,1939.5825,2020.567142857143,2006.7809523809524,1971.5285714285715,1894.6509999999998,1900.6100000000001,1976.5027272727273,1996.1705000000002,1966.6755,1977.0295238095239,2002.482857142857,2036.6563636363637,2042.5552631578948,2036.0325,1981.7463636363636,2021.6666666666667,2061.7335,2082.795,2136.1745454545453,2160.1825,2301.8900000000003,2372.2042857142856,2412.8990476190475,2372.1845454545455,2371.84381,2482.87125,2533.51,2467.7257894736845,2520.937727272727,2439.104444444444,2451.57,2458.224761904762,2461.3005000000003,2394.507894736842,2284.2536363636364,2283.7968181818183,2307.3258823529413,2153.476666666667,2083.333181818182,2070.128947368421,2101.984090909091,2210.1988235294116,2161.9145,2212.120454545455,2086.8980952380953,2105.303157894737,2079.48,1944.2376190476189,2045.2052631578947,2065.747619047619,2128.794761904762,2147.0135,2203.4425,2167.1235,1786.7463636363636,1849.589,1965.1742105263156,2134.6968181818183,2195.9486956521737,2349.873,2371.5161904761903,2357.821052631579,2504.1809523809525,2755.7709523809526,3089.267,3092.411666666667,3032.4690909090914,3165.083181818182,3169.2005263157894,3259.14,3254.5731818181816,3182.5009523809526,3141.6994736842107,2989.873157894737,2964.3018181818184,2988.4940909090906,2865.552,2724.0150000000003,2698.7161904761906,2703.2428571428572,2628.3385714285714,2474.9485,2362.794761904762,2479.5713636363635,2333.9285,2230.271052631579,2417.558636363636,2361.2785714285715,2362.3565,2450.3375,2417.564545454545,2523.2855,2524.4294999999997,2598.9133333333334,2594.387142857143,2562.0518181818184,2543.822105263158,2392.1363157894734,2458.947727272727,2553.641052631579,2518.588181818182,2630.416315789474,2699.587,2674.25,2710.446,2748.1605263157894,2809.191739130435,2647.991904761905,2593.624444444444,2596.107,2504.192,2443.642,2503.885,2528.651,,,,,,,,,,
KOSDAQ,448.275,439.047,431.4904545454545,463.20349999999996,408.4063157894737,383.96590909090907,358.9804545454545,344.0809090909091,368.1168421052632,365.10333333333335,367.71818181818185,376.9068181818182,436.9104761904761,492.30647058823524,474.28363636363633,448.70950000000005,441.45904761904757,487.54857142857145,525.0085714285715,517.1540909090909,538.3657142857143,591.7025,652.37,721.047619,708.2661904761904,656.8405,657.5,693.7125,663.351,576.7114285714285,563.4465,553.3595454545455,597.942381,577.5015789473684,607.5672727272727,608.5589474,593.2304545454546,602.0810526,627.4619047619047,678.0028571428571,709.7800000000001,779.1085,811.9876190476191,764.4549999999999,777.6117647058824,801.5454545454545,755.6863636363636,722.2566666666667,667.1245454545455,647.3777777777777,627.4890476190476,647.7809523809524,649.4926315789475,619.3255,536.9182608695652,507.13500000000005,444.1580952380952,348.3122727272727,310.481,324.9795238095238,355.09736842105264,377.443,390.9754545454545,484.2209090909091,533.8221052631579,516.3927272727273,496.3865217391304,515.6128571428571,523.1577272727272,501.83190476190475,477.1542857142857,498.35142857142864,535.4395000000001,505.3194736842105,518.7013636363637,512.8554545454546,497.8463157894737,493.2961904761904,490.9736363636364,475.35227272727275,482.35842105263157,509.942381,514.8763636363636,505.35727272727274,528.5990476190476,517.5811764705882,510.5945454545454,528.4433333333333,494.712,469.03238095238095,511.5461904761904,488.16181818181815,461.4715,471.4465,497.8545454545454,501.06714285714287,516.722,532.8419047619047,532.3704761904762,495.46899999999994,474.8285714285714,474.77700000000004,480.6040909090909,485.3913636363637,518.733,523.962381,503.90227272727276,488.5888888888889,508.5822727272727,515.5500000000001,547.0775,551.6845454545454,571.9019047619048,530.7563157894737,534.2260869565217,540.907619,527.9605555555556,530.5538095238095,513.8138095238095,496.1705,512.4415,521.3265,541.2833333333334,559.9709090909091,551,532.7205263157895,554.6791304347826,556.755,573.4278947368421,557.5480952380952,542.292,539.5157142857142,577.2809523809524,605.8511764705881,634.7159090909091,685.3527272727273,697.5533333333333,722.8295454545455,753.8313043478261,698.1560000000001,672.038,683.1357142857144,680.2347619,665.9528571428572,678.8115,651.0466666666666,684.44,697.6715,693.606,686.2061904761905,699.4104761904762,691.9127272727272,676.3526315789474,660.0350000000001,611.5927272727273,607.1995238095238,628.8734999999999,614.5649999999999,609.8404545454546,628.8585,642.6573684210526,667.5457142857143,662.4519047619048,645.5954545454546,657.2580952380953,674.47375,751.035,768.1636842105263,872.4527272727272,863.64,867.9195238095239,879.8895238095238,863.8405,850.5984210526316,793.4927272727273,785.9972727272726,824.6247058823529,724.9504761904761,687.7827272727272,676.4947368421052,690.4622727272728,739.7070588235295,742.4415,755.68,715.1309523809524,714.4721052631579,667.4765217391304,595.0528571428572,632.9563157894737,644.972381,656.8942857142857,640.538,671.117,667.298,549.4422727272727,615.5965,695.2973684210526,743.5681818181819,781.0165217391304,835.2895000000001,865.5276190476192,832.6426315789473,850.7833333333334,928.0190476190477,975.3135,956.9844444444445,935.325,1001.7922727272727,969.0778947,1000.9159090909092,1043.2945454545454,1029.9752380952382,1035.891052631579,980.6389474,1010.5709090909091,1004.6477272727273,954.858,879.5283333333333,909.6366666666667,923.662381,873.7028571428573,806.9390000000001,771.1257142857143,813.6936363636363,748.111,685.3036842105263,720.1404545454545,713.2752380952381,709.476,776.3145000000001,809.0331818181818,875.2625,840.391,876.9357142857143,901.0904761904762,904.4727272727273,888.1378947368421,789.1184210526316,804.8077272727273,840.8547368421052,851.3613636363636,845.1142105263158,890.64,861.7,854.3895,854.67,830.5082608695651,765.9738095238096,743.0372222222222,756.8175,705.807619,677.0025,719.086111,738.796,,,,,,,,,,
NASDAQ,2098.004004,2048.3600046258225,1979.4787013841712,2021.3228585379463,1930.0889892578125,2000.9795212518602,1912.4242873418898,1821.5381802645597,1884.730957,1938.2523890904017,2062.8700125558034,2149.531827059659,2071.8715087890623,2065.7357691714637,2030.433643687855,1957.4928617931548,2005.2171572730654,2074.017245205966,2145.1390014648437,2157.848250679348,2144.6119094122023,2087.0928780691966,2202.835716610863,2246.087111700149,2289.991504,2273.6663111636512,2300.255668308424,2338.677361739309,2245.281815962358,2137.413640802557,2086.2075012207033,2117.770889945652,2221.939001464844,2330.174560546875,2408.699997674851,2431.9080200195312,2453.1869995117186,2479.864193564967,2401.490866921165,2499.568005371094,2562.1409024325285,2595.3961821056546,2655.0762067522323,2539.4987156080165,2634.4699964021383,2780.4156547214675,2662.8023507254466,2661.5484985351563,2418.093796502976,2325.825537109375,2254.8180419921873,2368.0995538884945,2483.240966796875,2427.4542875744046,2278.137284712358,2389.267159598214,2205.6580868675596,1730.3195588485055,1542.6957815069902,1525.8904529918325,1537.2004943847655,1485.9768387643915,1432.2331764914773,1641.1476178850446,1726.0774963378906,1826.9881980202415,1873.837735262784,1997.1552443731398,2084.7471284412204,2122.8495594371448,2143.532507324219,2220.599998,2267.774722450658,2194.440005653783,2362.243896484375,2475.720017206101,2319.2390014648436,2235.2295365767045,2210.2738095238096,2205.28135,2298.3462262834823,2441.2956891741073,2530.989548456101,2631.560447,2717.2085205078124,2783.5357858758225,2722.2891368036685,2797.071973,2815.0757184709823,2687.7627175071025,2810.5755004882812,2504.623036,2524.1361955915177,2594.7819010416665,2606.289039248512,2601.6699800037204,2743.7950073242187,2928.9804931640624,3035.915916,3035.101513671875,2900.409113103693,2850.353829520089,2920.1123976934523,3032.666493,3136.8026444284537,3060.261916387649,2941.0147646949404,3003.7920043945314,3125.9133184523807,3169.2131476151317,3236.167041015625,3251.3518288352275,3440.3754438920455,3416.741491699219,3559.7109042080965,3639.9286776455965,3731.261999511719,3848.202626,3957.533008,4075.8857073102677,4154.361862909226,4199.451056229441,4276.359095982143,4119.306198846726,4135.374302455357,4332.737653459822,4434.125954367898,4464.831449962798,4551.585728236607,4403.230469,4687.702688116777,4732.700927734375,4673.701489257813,4854.255833675987,4938.010454,4985.951427641369,5029.431469726563,5073.041836825284,5082.809969815341,4934.622860863095,4748.004324776785,4879.036821,5082.508032226562,5040.540039,4610.7142526726975,4463.206030273437,4754.479114879261,4892.168108258928,4788.235235305059,4856.232688210227,5023.988965,5217.038319463315,5254.154297,5255.989560081845,5260.565243675595,5413.116652715774,5561.423486328125,5764.702097039473,5864.964334,5912.169484991777,6124.878173828125,6224.285888671875,6294.674023,6311.397397248641,6428.0789794921875,6603.011341441761,6796.045224144345,6889.740454101562,7279.498047,7161.7726408305925,7311.506696428572,7084.142345610119,7339.327281605114,7645.138532366072,7756.863862537202,7892.233462126359,7983.307411595395,7527.083899456522,7236.081449962798,6814.2916067023025,6979.655715215774,7430.077354029605,7629.366652715774,7994.9209216889885,7804.820867365057,7825.459008789063,8205.598677201704,7910.933238636364,8087.699975585938,8079.278299,8517.577441,8778.591936,9233.35998,9418.850021,7772.205832741477,8292.407180059523,9105.655469,9839.971324573864,10499.86270419034,11212.290504092261,11088.679966517857,11435.234108664772,11794.46152,12619.050914417614,13186.605777138158,13737.403628700658,13168.811820652174,13900.437965029761,13520.229052734376,14097.169078480114,14639.07287016369,14856.517711292614,15023.538550967261,14879.01232328869,15814.932896205357,15474.43172940341,14531.377490234376,13898.728412828947,13623.262950067934,13394.163037109374,11829.729538690477,11418.91908482143,11622.63154296875,12570.260402513586,11402.84998139881,10801.49428013393,10973.638113839286,10838.995814732143,11013.990966796875,11785.074321546053,11637.092221467392,12073.464740953947,12446.530495383522,13463.778134300595,14033.090966796875,13743.213018002718,13585.83955078125,13199.427689985796,13913.160574776786,14690.473974609375,15081.388160342261,15808.935009765624,16216.29551,15950.863547585228,16536.317160866478,17495.891652960527,17963.290926846592,17268.26886541193,17599.23017578125,18316.40464,18961.33574,19734.54176,19565.04395,19703.41895,,,,,,,,,,
M1_KR,295.9399,299.4303,302.379,304.1115,304.9866,306.4421,306.8942,308.492,310.7787,313.0615,313.2055,316.3881,316.8743,323.1603,330.9672,332.6996,334.1533,338.5111,347.2193,352.5592,349.9586,344.6152,310.0057,314.1012,320.9606,323.387,322.8018,323.4291,325.918,327.5618,330.0398,330.771,331.3825,337.0292,341.034,347.2939,349.7952,345.8621,332.7737,305.3485,302.3676,302.0425,302.235,302.3726,302.0475,302.4183,302.6941,304.03,302.6268,300.7855,298.2297,298.3382,304.0928,304.9684,306.5549,308.6054,309.7257,315.031,318.7248,319.5999,326.3245,331.3863,341.0851,350.2963,355.0789,360.0327,363.6046,364.3991,371.3227,375.9782,374.3688,374.2518,377.7096,382.5572,383.3439,387.8849,393.7969,398.9715,403.4701,405.513,408.0002,410.746,418.39,422.5646,425.162,426.9797,428.3796,424.9231,423.5748,420.951,418.9659,426.9834,428.3266,427.0653,427.2088,429.5809,431.3113,433.3324,436.9396,437.599,439.4492,440.5739,442.6237,444.2054,443.6548,449.5506,449.7701,454.5528,462.2054,466.7039,468.9606,475.3236,476.2356,486.0534,489.3553,485.1232,492.5712,497.4633,502.5217,506.2379,509.8353,515.4824,517.66,519.0229,524.1478,531.1914,534.9646,543.0295,549.9691,556.3778,565.2035,573.9164,577.721,586.5338,598.2447,610.8382,623.0052,630.0583,646.2632,657.0902,666.9716,674.7024,681.3515,686.888,697.8318,703.2007,711.4723,719.3573,724.4248,729.8715,735.3489,743.471,751.7271,758.7265,765.9865,771.523,774.3795,781.3274,784.6595,789.4056,791.5,796.803,804.2927,809.6121,816.8681,823.9584,823.7732,827.618,832.0434,837.8721,837.0811,838.321,839.4518,841.7888,842.1674,841.7306,843.0409,845.074,847.0882,846.5135,851.2519,855.3143,859.3658,861.4167,866.2122,868.3028,872.248,880.0974,884.2667,889.5836,906.8362,928.4077,944.3064,967.1926,986.3261,1005.4722,1032.4776,1051.7292,1070.6445,1089.1971,1112.4584,1128.8572,1150.6857,1168.5702,1194.7837,1211.8395,1229.4542,1249.6044,1261.2599,1273.86,1287.1873,1305.0001,1321.4255,1338.0913,1353.7307,1353.1346,1362.4361,1362.0376,1369.6671,1369.3904,1371.9209,1371.8653,1353.9048,1335.199,1315.2446,1290.6262,1261.6809,1232.0937,1206.0699,1198.1522,1193.0003,1187.6676,1181.4144,1179.4341,1187.2603,1184.979,1184.088,1194.6446,1198.9669,1217.7488,1221.11,1217.6573,1244.4012,1234.8056,1221.5703,1220.5247,1216.5762,1217.8316,1224.6663,1233.5113,1248.8745,1274.2903,,,,,,,,,,,,
M2_KR,900.0018,907.1728,913.4808,915.8892,923.4294,925.0363,930.6418,940.2055,948.5525,948.3129,949.2498,953.7151,960.0375,964.3419,973.5987,978.2017,986.2763,992.8314,1002.0791,1012.8151,1011.6572,1012.7834,1013.0556,1019.8423,1027.2356,1034.3588,1038.7277,1046.4002,1056.943,1069.7082,1081.6613,1088.9243,1101.7266,1113.4174,1125.615,1135.4705,1144.712,1153.9668,1159.5432,1167.3868,1171.9249,1185.0351,1198.5091,1211.902,1221.1465,1233.9246,1250.9472,1266.1395,1286.034,1311.9298,1328.7512,1344.4023,1359.5704,1369.7072,1376.4622,1384.3083,1394.4329,1405.2545,1421.3728,1430.335,1437.948,1466.3202,1477.987,1487.3049,1496.344,1500.8541,1512.2735,1521.3478,1531.785,1547.42,1558.6127,1564.4081,1576.0359,1595.9589,1610.8611,1625.5274,1631.8754,1648.78,1650.4789,1654.3194,1659.0772,1668.7764,1675.4351,1678.9758,1674.1846,1675.0552,1679.0872,1686.1104,1694.2217,1697.6844,1705.3856,1719.5351,1729.897,1741.7038,1751.343,1753.6062,1752.796,1762.5869,1775.7962,1782.1856,1788.9865,1798.26,1807.3823,1817.2045,1816.2924,1822.9153,1827.1219,1831.9813,1844.7232,1858.8132,1864.8207,1870.8138,1874.4686,1884.0688,1887.3853,1885.1346,1901.4537,1909.7274,1918.5028,1929.463,1937.7008,1957.3154,1965.5362,1973.4516,1985.9459,1999.6937,2011.2982,2030.2722,2036.0125,2053.4723,2078.8847,2085.3321,2094.2657,2110.0018,2127.6697,2150.5397,2171.3954,2178.6178,2197.3819,2216.829,2228.6766,2234.1185,2240.3441,2245.1027,2265.2272,2286.2212,2294.3545,2302.1152,2319.116,2334.2883,2350.6037,2378.1564,2381.6043,2391.8598,2400.3466,2407.5622,2417.7638,2427.6796,2433.8999,2451.1193,2459.313,2469.5672,2470.4409,2486.1349,2493.7672,2501.8601,2517.9531,2525.2078,2559.7641,2571.1902,2577.393,2591.0065,2603.7829,2619.4958,2633.5489,2646.7782,2650.0576,2675.7479,2688.8809,2705.1779,2726.0976,2731.2647,2751.5378,2762.8978,2775.0495,2795.9944,2807.8967,2831.1982,2850.2215,2875.9288,2897.3531,2913.884,2935.6403,2951.0403,2982.4281,3014.8155,3048.9437,3074.1968,3089.4542,3098.8595,3116.0918,3153.1751,3183.7745,3201.5448,3237.4166,3273.081,3309.121,3356.1975,3380.4747,3408.5651,3438.9151,3484.2549,3509.1259,3547.2878,3595.8571,3625.0084,3647.4815,3664.9663,3668.6637,3675.4263,3702.9336,3718.3328,3723.8987,3745.8027,3751.7871,3771.4735,3801.7903,3800.8899,3804.3363,3814.423,3807.8668,3795.0243,3789.4436,3803.7967,3817.9153,3827.8861,3843.7867,3857.6768,3890.9724,3914.3168,3924.2032,3929.858,3996.2166,4013.2282,4014.1308,4037.5808,4054.9674,4062.6356,4070.711,4110.779,4143.0315,4183.5354,,,,,,,,,,,,
M2_US,6082.2,6121.9,6158,6199.1,6275.9,6278.1,6291.3,6317.9,6352.3,6379.9,6406.5,6424.7,6431,6439.1,6448.4,6462,6479.2,6511.8,6543.7,6576.5,6610.3,6644.1,6660.8,6688,6730.3,6754.9,6769.5,6807,6813.9,6852.1,6893.9,6925.3,6952.6,7002,7037.5,7080.4,7118.5,7134.6,7168.5,7241,7254.9,7288.1,7319,7395.1,7413.3,7428.4,7453.8,7484.2,7517.8,7604.2,7670.3,7712.8,7725.5,7744.2,7791.5,7806.1,7872.7,7975.3,8027.3,8205,8289.4,8319.6,8386.7,8391.4,8449.5,8459.5,8463.8,8463.3,8461.8,8488.1,8517.3,8512.5,8478,8527.6,8523.7,8555.1,8609.3,8628.4,8639.8,8688.2,8718.9,8768.7,8789.3,8822.9,8845.2,8909,8967,9030.4,9102.7,9176.7,9338.7,9525.1,9545.3,9578.1,9629.8,9677.4,9750.5,9802.2,9846.2,9899.8,9943,10013,10065.7,10136.4,10216.6,10282.8,10351.8,10474.4,10497.6,10516.6,10572.9,10600.4,10634.7,10692.3,10731.5,10789.6,10850,10974.2,10982.9,11047.8,11117.6,11183.2,11219.1,11264,11328.5,11383.7,11438.4,11462.5,11503.7,11577.5,11618.2,11701.9,11774.2,11880.4,11892.9,11932.5,11963.8,12011.1,12061.1,12110.8,12170.3,12211.2,12301,12361.5,12490.8,12557.6,12620.2,12703.7,12775.9,12841.1,12902.2,12988.9,13047.9,13112.8,13182.4,13215.3,13286.4,13351.2,13420.1,13481,13539.7,13564.1,13628.9,13688,13733.8,13788.5,13814.7,13860.3,13869.2,13907.3,13966.4,13989.3,14055.7,14117.5,14157,14206,14238.2,14248.1,14258.7,14369.9,14432.7,14470.5,14513.9,14548.1,14660.8,14782.9,14865.4,14947.6,15039.5,15174.6,15273.3,15334.3,15401.3,15453.8,15980.6,16999,17868.4,18161.5,18311.4,18382.2,18606.8,18758.1,18972.9,19109.9,19334.6,19570.8,19809.6,20135.3,20439.5,20482.4,20633.4,20844.4,20973.8,21153.7,21327.6,21507.8,21566.1,21621,21722.8,21723.2,21696.6,21652.4,21644.5,21626.7,21507.7,21433.4,21367.1,21273.1,21188.2,21117.7,20870.6,20712.2,20804.8,20788.5,20762.6,20735,20681.4,20662.5,20675.7,20725.4,20725.9,20761.8,20862.9,20881.1,20959.4,21020.1,21039.4,21141.2,21221.2,21312,21448,21533,,,,,,,,,,,,
financial_institution_liquidity,4.9,5.1,5.3,5.5,5.9,6.2,6.3,6.7,6.8,7.3,6.5,6.9,7,6.8,6.4,6.6,6.6,7.2,7.5,7.6,6.9,6.9,7.2,7.3,7.2,7.4,7,7.4,7.6,7.3,7.3,7.4,7.9,8.7,9.4,9.6,9.8,9.9,10.2,10.1,10.1,10.4,10,10.3,10.3,10.4,10.4,10.6,11.4,11.6,11.9,12.7,13.1,12.7,12.1,11.8,12.2,11.9,11.4,10.4,9.2,8.8,8.4,7.7,7.3,7,7.7,8,7.7,7.8,7.6,8.1,8.1,8.6,8.8,9,8.9,9.3,8.8,8,7.7,7.2,7.3,6.9,6.6,5.2,4.7,4.5,4.4,4.1,4.6,5.6,5.7,6.1,6.2,6.2,6.5,7.2,8.7,8.6,8.4,8.5,8.4,7.8,7.6,7.1,7.1,7.3,7.7,8.1,6.8,6.9,6.8,6.6,6.5,6.3,6.7,6.7,6.8,6.6,6.7,6.4,6.4,6.2,6.6,6.7,6.9,7.3,7.1,7.3,8.1,8.2,8.4,8.6,9.3,10,10.3,10.5,10.6,10.4,10.5,10.2,9.2,8.9,8.9,8.9,8.6,8,7.7,7.9,7.6,8,7.8,8.1,8.2,8.1,8,7.4,7.3,7.4,7.1,6.7,6.5,6.2,5.9,5.9,5.8,6.1,6.4,6.9,6.7,6.6,6.6,6.7,7.1,7.1,7.2,7.4,7.5,7.6,7.4,7.1,7.6,7.7,7.9,8,8,8.2,8.4,8.3,8.4,8.2,8.2,8.5,8.3,8.6,8.8,8.6,8.4,7.9,7.9,8.1,8.2,8.4,8.6,8.9,9.3,9.5,9.2,9.4,9.9,10.4,10.6,10.2,10.6,10.7,10.6,9.9,9.1,8.1,8.2,7.8,7.2,6.7,6.2,6,5.3,4.8,4.1,3.7,3.6,3.6,2.8,2.5,2.9,2.5,2.6,2.4,2.7,3.9,4.2,4.6,5.2,5.5,5.5,5.8,5.4,5.2,5.3,6.2,6.1,5.8,,,,,,,,,,,,
broad_liquidity,5.6,6.8,6.9,7.6,7.3,7.7,7.4,6.7,8,7.1,6.2,7.5,7.1,7,6.6,7.8,7.7,8.1,8.7,8.6,7.9,8.3,9.1,9,8.7,8.1,8.5,7.9,8.8,9.2,8.5,9.3,10.2,10.2,10.2,10.7,10.5,10.6,11.4,10.9,11.2,11.4,10.8,11.1,10.9,11.9,11.5,11.3,12.7,13,12.5,14.5,14.4,13,13.4,13.4,12,11.1,11.1,10.1,10.2,10.2,10.2,9.1,9.1,9.4,9.4,8.5,9.7,10.2,10,10.8,10.4,10.1,10.3,9.7,9.4,9.2,9.1,9.2,8.8,8.6,8.3,7.2,6.8,6.8,6.6,6.6,5.9,6.2,7.1,7.1,7.3,7.6,7.8,8.4,8.2,8.3,9.9,8.8,9.5,10,9,9.2,9.1,7.9,7.9,8,8,8.2,7.1,7.6,7.3,6.8,6.9,7.4,6.8,7.5,7.5,7.3,7.9,7.4,6.8,6.9,7.6,7.3,8.1,7.9,7.8,8.1,8.7,8.5,8.5,8.6,9,9.7,9.6,9.8,9.1,9,9.3,9.1,7.8,8.6,8.6,8.2,8.4,7.6,6.9,7.2,7.7,7.7,7.9,7.6,8.1,7.9,7,7.6,7.3,8,7.7,7.5,7.2,6.8,6.9,6.2,6.4,6.8,7.2,7.1,7.4,6.5,7.2,7.1,6.5,6.8,6.7,7.3,6.9,6.6,6.7,6.7,6.5,6.9,6.6,7.1,7.2,7.6,7.2,7.4,8.1,7.8,7.7,8,7.5,7.9,8.6,8,8.4,7.6,8.3,8.4,8.4,8.6,8.9,8.9,9.6,10.8,8.9,9.5,9.9,10.4,9.7,10.1,9.9,10.5,10,9.5,8.5,7.5,8.7,7.7,7.3,6.9,7,6.2,6,5,3.3,3.2,3.1,2.8,2.2,2.7,2.1,2,1.9,1.6,2.5,3,4.4,4.6,5.6,4.6,5.2,5.5,5.2,5.3,5.6,6.1,5.6,5.1,,,,,,,,,,,,
CPI_growth,3.4,3.3,3.1,3.3,3.3,3.6,4.4,4.8,3.9,3.8,3.3,3,3.4,3.4,3,3.1,3.1,2.8,2.6,2,2.5,2.3,2.5,2.6,2.2,2,2,2,2.3,2.4,2.4,2.7,2.5,2.2,2.1,2.1,1.7,2.2,2.2,2.4,2.3,2.5,2.5,2,2.3,3,3.5,3.6,3.9,3.6,3.9,4.1,4.9,5.5,5.9,5.6,5.1,4.8,4.5,4.1,3.7,4.1,3.9,3.6,2.7,2,1.6,2.2,2.2,2,2.4,2.8,3.5,3,2.5,2.6,2.7,2.7,2.5,2.7,3.4,3.7,3,3,3.4,3.9,4.1,3.8,3.9,4.2,4.5,4.7,3.8,3.6,4.2,4.2,3.3,3,2.7,2.6,2.5,2.2,1.5,1.3,2.1,2.1,1.6,1.4,1.6,1.6,1.5,1.3,1.1,1.2,1.6,1.5,1,0.9,1.2,1.1,1.1,1,1.3,1.5,1.7,1.7,1.6,1.4,1.1,1.1,1,0.8,1,0.6,0.5,0.4,0.6,0.7,0.7,0.7,0.5,0.8,0.8,1.1,0.6,1.1,0.8,1,0.8,0.7,0.4,0.5,1.3,1.5,1.5,1.3,2.2,2.1,2.3,2,2,1.8,2.2,2.5,2,1.8,1.2,1.4,0.8,1.3,1.2,1.5,1.5,1.5,1.1,1.4,2.1,2,2,1.3,0.8,0.5,0.4,0.6,0.7,0.7,0.6,0,-0.4,0,0.2,0.7,1.2,0.9,0.8,0,-0.2,0.2,0.4,0.8,0.9,0.1,0.6,0.6,0.9,1.4,1.9,2.5,2.6,2.3,2.6,2.6,2.4,3.2,3.8,3.7,3.8,3.8,4.2,4.8,5.3,6,6.3,5.7,5.5,5.6,5,5,5,4.7,4.2,3.7,3.4,2.7,2.4,3.4,3.7,3.8,3.3,3.2,2.8,3.1,3.1,2.9,2.7,2.4,2.6,2,1.6,1.3,1.5,1.9,2.2,,,,,,,,,,,
nominal_GDP,221439,221439,221439,233988.7,233988.7,233988.7,237894.7,237894.7,237894.7,249562.9,249562.9,249562.9,232930.2,232930.2,232930.2,245149.1,245149.1,245149.1,252123.2,252123.2,252123.2,264973,264973,264973,245939.4,245939.4,245939.4,256657.9,256657.9,256657.9,265452,265452,265452,277613.9,277613.9,277613.9,262840.6,262840.6,262840.6,279448.7,279448.7,279448.7,287126.9,287126.9,287126.9,305125.1,305125.1,305125.1,282986,282986,282986,301655.9,301655.9,301655.9,307532.5,307532.5,307532.5,310798.5,310798.5,310798.5,289974.1,289974.1,289974.1,310111.6,310111.6,310111.6,321503.6,321503.6,321503.6,333716.1,333716.1,333716.1,321659.3,321659.3,321659.3,343653.6,343653.6,343653.6,348551.6,348551.6,348551.6,365595.7,365595.7,365595.7,342918,342918,342918,358489.5,358489.5,358489.5,364251.9,364251.9,364251.9,382916.3,382916.3,382916.3,360806.9,360806.9,360806.9,374488.1,374488.1,374488.1,377423,377423,377423,391956.1,391956.1,391956.1,372513.3,372513.3,372513.3,390493,390493,390493,397011.2,397011.2,397011.2,410920.6,410920.6,410920.6,392080.6,392080.6,392080.6,407696,407696,407696,411863.3,411863.3,411863.3,426844.9,426844.9,426844.9,414691.5,414691.5,414691.5,431746.3,431746.3,431746.3,440884.8,440884.8,440884.8,453453.4,453453.4,453453.4,436001.1,436001.1,436001.1,457399.1,457399.1,457399.1,462018.4,462018.4,462018.4,477607.9,477607.9,477607.9,457373.3,457373.3,457373.3,477716.9,477716.9,477716.9,497511.4,497511.4,497511.4,501632.3,501632.3,501632.3,476772.5,476772.5,476772.5,499011.9,499011.9,499011.9,511507.7,511507.7,511507.7,519682.5,519682.5,519682.5,483744.6,483744.6,483744.6,508588.6,508588.6,508588.6,516955.4,516955.4,516955.4,531305.7,531305.7,531305.7,489061,489061,489061,502861.3,502861.3,502861.3,524939.5,524939.5,524939.5,541604.8,541604.8,541604.8,515116.3,515116.3,515116.3,548739.9,548739.9,548739.9,568371.7,568371.7,568371.7,589685.1,589685.1,589685.1,553664.8,553664.8,553664.8,581793.9,581793.9,581793.9,588594,588594,588594,599728.8,599728.8,599728.8,565099.2,565099.2,565099.2,592222.8,592222.8,592222.8,611097.6,611097.6,611097.6,632769.8,632769.8,632769.8,606213.9,606213.9,606213.9,634718.4,634718.4,634718.4,"641,917.70","641,917.70","641,917.70",-,,,,,,,,,,,,,,
GDP_growth,5.7,5.7,5.7,6.6,6.6,6.6,5.2,5.2,5.2,3.4,3.4,3.4,3.1,3.1,3.1,3.9,3.9,3.9,5,5,5,5.3,5.3,5.3,6.3,6.3,6.3,4.9,4.9,4.9,5.1,5.1,5.1,4.8,4.8,4.8,5,5,5,5.9,5.9,5.9,5.5,5.5,5.5,6.8,6.8,6.8,5.8,5.8,5.8,4.4,4.4,4.4,4,4,4,-1.7,-1.7,-1.7,-2.1,-2.1,-2.1,-1.3,-1.3,-1.3,1.1,1.1,1.1,5.4,5.4,5.4,7.9,7.9,7.9,8.1,8.1,8.1,5.8,5.8,5.8,6.3,6.3,6.3,5.4,5.4,5.4,3.8,3.8,3.8,3.1,3.1,3.1,2.6,2.6,2.6,2.5,2.5,2.5,2.6,2.6,2.6,2.5,2.5,2.5,2.6,2.6,2.6,2.3,2.3,2.3,3.1,3.1,3.1,3.7,3.7,3.7,4,4,4,3.8,3.8,3.8,3.6,3.6,3.6,3,3,3,2.6,2.6,2.6,2.7,2.7,2.7,1.9,1.9,1.9,3.5,3.5,3.5,3.6,3.6,3.6,3,3,3,3.9,3.9,3.9,3,3,3,2.8,2.8,2.8,3.5,3.5,3.5,3,3,3,4.1,4.1,4.1,3.2,3.2,3.2,3.2,3.2,3.2,3.3,3.3,3.3,2.6,2.6,2.6,3.5,3.5,3.5,1.9,1.9,1.9,2.4,2.4,2.4,2.2,2.2,2.2,2.7,2.7,2.7,1.2,1.2,1.2,-2.6,-2.6,-2.6,-0.8,-0.8,-0.8,-0.5,-0.5,-0.5,2.5,2.5,2.5,7,7,7,4.6,4.6,4.6,4.3,4.3,4.3,3.5,3.5,3.5,3,3,3,3.4,3.4,3.4,1.1,1.1,1.1,1.1,1.1,1.1,1,1,1,1.4,1.4,1.4,2.1,2.1,2.1,3.3,3.3,3.3,2.3,2.3,2.3,1.5,1.5,1.5,1.2,1.2,1.2,,,,,,,,,,,,
GNI_growth,3.9,3.9,3.9,3.9,3.9,3.9,3.9,3.9,3.9,3.9,3.9,3.9,2.2,2.2,2.2,2.2,2.2,2.2,2.2,2.2,2.2,2.2,2.2,2.2,3.4,3.4,3.4,3.4,3.4,3.4,3.4,3.4,3.4,3.4,3.4,3.4,5.2,5.2,5.2,5.2,5.2,5.2,5.2,5.2,5.2,5.2,5.2,5.2,-0.4,-0.4,-0.4,-0.4,-0.4,-0.4,-0.4,-0.4,-0.4,-0.4,-0.4,-0.4,2,2,2,2,2,2,2,2,2,2,2,2,6.7,6.7,6.7,6.7,6.7,6.7,6.7,6.7,6.7,6.7,6.7,6.7,0.8,0.8,0.8,0.8,0.8,0.8,0.8,0.8,0.8,0.8,0.8,0.8,2.4,2.4,2.4,2.4,2.4,2.4,2.4,2.4,2.4,2.4,2.4,2.4,3.4,3.4,3.4,3.4,3.4,3.4,3.4,3.4,3.4,3.4,3.4,3.4,2.8,2.8,2.8,2.8,2.8,2.8,2.8,2.8,2.8,2.8,2.8,2.8,5.8,5.8,5.8,5.8,5.8,5.8,5.8,5.8,5.8,5.8,5.8,5.8,4,4,4,4,4,4,4,4,4,4,4,4,3,3,3,3,3,3,3,3,3,3,3,3,1.1,1.1,1.1,1.1,1.1,1.1,1.1,1.1,1.1,1.1,1.1,1.1,0,0,0,0,0,0,0,0,0,0,0,0,-0.1,-0.1,-0.1,-0.1,-0.1,-0.1,-0.1,-0.1,-0.1,-0.1,-0.1,-0.1,3.6,3.6,3.6,3.6,3.6,3.6,3.6,3.6,3.6,3.6,3.6,3.6,-0.5,-0.5,-0.5,-0.5,-0.5,-0.5,-0.5,-0.5,-0.5,-0.5,-0.5,-0.5,1.8,1.8,1.8,1.8,1.8,1.8,1.8,1.8,1.8,1.8,1.8,1.8,,,,,,,,,,,,,,,,,,,,,,,,
nominal_GNI_growth,8.3,8.3,8.3,8.3,8.3,8.3,8.3,8.3,8.3,8.3,8.3,8.3,4.6,4.6,4.6,4.6,4.6,4.6,4.6,4.6,4.6,4.6,4.6,4.6,4.9,4.9,4.9,4.9,4.9,4.9,4.9,4.9,4.9,4.9,4.9,4.9,7.9,7.9,7.9,7.9,7.9,7.9,7.9,7.9,7.9,7.9,7.9,7.9,5.4,5.4,5.4,5.4,5.4,5.4,5.4,5.4,5.4,5.4,5.4,5.4,3.7,3.7,3.7,3.7,3.7,3.7,3.7,3.7,3.7,3.7,3.7,3.7,9.5,9.5,9.5,9.5,9.5,9.5,9.5,9.5,9.5,9.5,9.5,9.5,4.7,4.7,4.7,4.7,4.7,4.7,4.7,4.7,4.7,4.7,4.7,4.7,3.6,3.6,3.6,3.6,3.6,3.6,3.6,3.6,3.6,3.6,3.6,3.6,3.3,3.3,3.3,3.3,3.3,3.3,3.3,3.3,3.3,3.3,3.3,3.3,3.3,3.3,3.3,3.3,3.3,3.3,3.3,3.3,3.3,3.3,3.3,3.3,5.3,5.3,5.3,5.3,5.3,5.3,5.3,5.3,5.3,5.3,5.3,5.3,4.6,4.6,4.6,4.6,4.6,4.6,4.6,4.6,4.6,4.6,4.6,4.6,5.2,5.2,5.2,5.2,5.2,5.2,5.2,5.2,5.2,5.2,5.2,5.2,2.9,2.9,2.9,2.9,2.9,2.9,2.9,2.9,2.9,2.9,2.9,2.9,1.6,1.6,1.6,1.6,1.6,1.6,1.6,1.6,1.6,1.6,1.6,1.6,0.6,0.6,0.6,0.6,0.6,0.6,0.6,0.6,0.6,0.6,0.6,0.6,7.6,7.6,7.6,7.6,7.6,7.6,7.6,7.6,7.6,7.6,7.6,7.6,4.5,4.5,4.5,4.5,4.5,4.5,4.5,4.5,4.5,4.5,4.5,4.5,3.7,3.7,3.7,3.7,3.7,3.7,3.7,3.7,3.7,3.7,3.7,3.7,,,,,,,,,,,,,,,,,,,,,,,,
res_start,1016271,2635073,2203712,2821968,2559673,3462348,1877027,1996641,1628142,2504766,3066045,2661639,1315389,1965687,3522032,4383365,3753744,2743941,1767840,2244451,2185566,2232129,3641090,1747207,1016271,2635073,2203712,2821968,2559673,3462348,1877027,1996641,1628142,2504766,3066045,2661639,1288508,1766833,2378402,3329549,3132459,4551073,2829100,3308548,2368342,2201127,4358046,1241500,1548098,748497,1240043,1569782,1548865,1328226,1320807,1134701,1132277,1238028,1387907,1466213,768076,650093,2243237,1456441,1321052,1427111,1249677,2816968,1689373,3132671,2052121,3452191,2354565,1351050,1704515,3670761,1672429,2494937,2295202,2028270,1534950,2028347,1930594,1349979,1161394,1700062,3290950,4339367,3530105,2337042,2312826,3265800,2838961,5483566,4700591,2680659,2021323,2996436,4183498,3508734,4042711,3481971,2880162,3673899,3336868,3331533,3705063,2052130,1791233,3116628,3627938,3935094,3034862,3461379,2545426,3271492,3143718,3754280,4131527,5759646,2208314,3097151,3745062,4817054,3514569,3569510,3202157,3425797,4815395,6268545,5027588,2274637,2737356,2948885,6103848,6003310,5686806,7254713,5014324,5990158,4943918,9279701,7630710,4572710,2619056,3607595,5223778,6854508,5895655,5289210,5388377,4693286,5370137,5071826,7096450,4941174,2899247,3681970,4589369,3343209,3555877,4686124,3569943,4779519,4159700,3303435,5190391,4918026,2135304,2431040,5654651,3665195,4559152,3496567,2764151,2998141,2491060,2643440,2869988,3224380,2113815,2392668,3486945,4098393,3831703,2704028,2684613,2665797,1553559,3133944,2843033,1850218,1593344,2048422,3311909,3508916,3731786,3542850,3887264,2726009,3743799,3279774,3814695,5071607,2896893,3846089,4589718,4109848,3239832,3675962,3511341,3192223,4348635,4316315,3598611,5457308,1699745,2480321,3369619,3441280,3241396,3387540,2847480,3113580,4112756,2322942,2475114,2192275,1833591,1726349,2555527,1477537,1386307,2000205,1098330,1513430,1682524,2075639,4129676,3690297,2221996,2276014,1256999,2561547,2024454,2471949,1880884,2350936,2876765,2188807,"1,667,691","3,097,340",,,,,,,,,,,,
res_permit,1677476,3153002,2935350,2672140,4860392,5239905,3672301,3622402,2646662,4637484,3793888,11188489,4056349,1921507,3969131,4130842,6252490,3593426,3075733,3641032,2758212,3943580,3726185,9212340,4053117,3431538,4405924,3517591,3462040,5383972,7047998,3498817,5466604,2657705,3638306,7297171,2112089,2437719,3617298,2866357,5095970,3088407,4554051,4970074,3112792,16092513,10865148,6465833,2450110,1564646,2308361,4426592,2764751,2328210,3706873,2765946,2274792,2587747,3469658,7814324,904537,1174718,1772973,1806060,1763833,3287041,2303239,3154749,4872123,2400028,3766780,14711344,1450384,1758272,3176281,3964877,5002321,3094576,2727988,2097611,2476765,2750731,6687698,16276236,3516173,2368383,3526572,5247208,4133207,3853649,4020599,6326208,5643380,5462021,3654836,8804754,3552949,3401704,4283486,4751129,4961001,4680642,4472888,3963046,5290110,4601583,4104397,11192992,2945686,2404310,3926408,3521984,3685630,3767757,4715541,3621269,3915858,3928986,6972515,6831807,2615653,7070212,4403977,5017842,4995748,5540901,5253200,6067172,4789876,5164423,4076561,5939491,3482658,4388918,6189392,6009986,6392792,6675859,12304982,8276454,9303357,7816784,6514316,8164539,5190141,6008538,7298340,7413836,6155742,7978843,7073180,6241777,5074992,6391882,6705028,6888164,4748526,5527846,5437407,4788919,6892649,7178232,5428766,5198270,6614051,6441970,5155183,6842949,4448283,4833860,4865006,5033825,4290317,5295291,6975897,4244820,3585511,3516177,5187897,5047837,3552547,4593642,4911563,3900806,3126135,3197949,3190741,3157155,3785213,4597541,3478660,4749904,2732217,3741499,3701165,3550142,3472225,3511037,4768495,3299859,4147499,4504672,3507040,5125668,2873198,3964229,5135024,5131413,4399673,5457687,5097761,4814965,4909887,5167976,4793022,5830884,5027420,3341809,5054248,6487934,6206798,5901042,5879721,5548141,5366630,4827676,4931640,5937019,3619168,4223817,3933749,4185784,4603365,4202090,2258405,4379089,3034798,2614682,3645129,4047396,3555862,2811166,3984567,3512744,3491671,2887482,2681797,3568222,2567058,2949014,"3,887,069","6,964,295",,,,,,,,,,,,
construction_production_index_seasonally_adjusted,90.1,86.9,88.6,87.7,86.9,83.7,87.7,87.9,89.8,85.8,80.9,85.1,84.3,82.1,88,89,90.2,90.4,88.5,89,88.5,86.7,88.2,86.1,82.8,83.4,89.5,88.4,88,86.5,84.4,87.4,90.6,96,89.4,91,88.9,91.2,89.9,92,90.8,87.8,92.9,93,90.3,92,91.6,97.3,92.7,87.7,86.9,86.3,85.8,80.9,83.4,86.9,85.6,82.3,79.9,74.7,84.3,85.7,81.1,85.9,84.2,91.4,84,82.4,89.2,83.9,84.6,83.5,86.8,85.9,86.3,81.2,84.6,84.5,84,81.7,79.6,76.2,77.5,83.1,78.2,70.8,80.9,74.6,75.5,82.8,72.2,74.1,77.6,79.3,72.6,82.9,70.5,72,74.9,71.3,72.8,70.6,74.5,70,75.1,74.5,75,79.6,74.1,77.1,78,82.3,80.7,81.7,81.5,80.5,83.3,84.3,84.4,82.3,84.8,80.3,79.2,84.4,81,82,80.3,80.6,78.8,79.9,78.5,79.3,81.9,85,77.8,79.5,81,82.6,82.6,86.7,91.6,86.2,85.2,92.4,88.1,90.3,92.7,91.2,94.2,97.9,97.6,100.3,101.1,101.8,106.7,105.3,102.4,108,110.6,108.5,109.7,108.1,110.7,108.9,111.9,112.7,108.6,110.5,112.7,111.1,103.8,108.4,107.4,104.8,106.6,105.3,101.9,100.8,98.2,100.2,104.4,101.3,101.2,101.4,103.1,104,102,102.5,100.1,101.4,97.2,104.1,102.2,101.9,102.7,101.9,99.2,99.8,101.4,95.7,99.1,97.3,99.8,99,89.7,97,95,93.3,92,91.3,91.5,92.3,92.4,92.8,89.9,99.8,95,91.7,91.6,91,95.9,95.6,94.1,96,96.5,99.3,100.5,99,99.1,106.7,101.4,103.5,104.2,102.9,103.5,105.1,105.5,105,102.5,98.8,111.4,110.6,99.3,104.2,99.4,97.9,97.6,95.4,93.5,90.6,89.8,91.1,,,,,,,,,,,,
construction_production_index_raw,72.4,70.3,86.1,86.3,85.6,92.9,83.7,85.7,90.4,89.1,91.4,109.8,69.3,63.6,85.6,88.7,91.3,99.1,84.2,86.5,89.7,89.7,99.7,113.5,67.2,67.3,87.1,86.7,87.6,95.2,79.2,84.5,98.3,91.6,100.9,116,74.3,71.6,87.4,90,90.5,97.2,87.4,89.2,89.4,96.3,102.9,121.5,77.6,69,83.3,84.3,85.5,89,79.8,81.5,86.7,86.1,87.8,97.5,68.9,69.3,79.1,84.5,82.8,103.4,80.2,76.7,95.6,83.2,92.2,109.8,71.8,68,84.3,79.6,83.2,96.8,80.1,76.7,79,78.4,85,109.9,64.7,55.3,79.2,73,75.4,95.8,68.2,69.5,78,79.8,79,111.7,57.7,59.9,73.6,67.6,72.5,82.5,70.5,65.8,76.7,73.2,80.8,102.2,62.3,61.6,76.1,80.6,81.3,94.6,78.3,76.4,81,85.5,90,105.6,69.5,65.6,78,83.1,80.4,93.3,77.7,75.8,77.8,80.7,81.7,102.5,69.4,67.8,78.8,78.2,79,96.9,80.2,80.5,90.7,86.1,87.9,118.4,74.4,73.7,95,88.8,92.2,114,93.5,96.5,99.2,101.8,111.1,134.4,85.3,91,114.5,106.4,107.5,124.6,106.3,105.1,117.3,101.4,112.9,136.2,98.9,90.3,108.5,106.7,105.2,118.3,101.8,101.1,97.6,99.7,102.2,124,92.7,82.5,104.8,101.6,103.7,117.1,97.9,97.5,94.9,100.1,101.5,131,87.4,87.4,108.6,99,98,113.8,96.2,87.9,99.7,91.5,103.1,127.3,79.3,78.6,100.5,93.7,89.5,105.2,86.5,86,88.4,89.5,95,127.3,83.4,75.3,95.3,91.3,96.2,106.4,87.6,90.6,92.3,98,106.5,128.1,86.3,90.2,106.8,102.4,101.6,115.5,96.4,99.3,102.1,101.3,108.8,124.5,101,90.9,103.1,103.1,98.4,108.6,91.7,89.8,87.8,91.3,95.3,114.2,,,,,,,,,,,,
housing_construction_sale_performance,,,,,,,,,,,,,,,,,,,,,,,,,,,,,,,,,,,,,,,,,,,,,,,,,,,,,,,,,,,,,,,,,,,,,,,,,,,,,,,,,,,,,,,,,,,,,,,,,,,,,,,,,,,,,202,294,252,607,926,9959,2011,5372,7839,4650,7487,46,2683,1431,1873,7659,697,1521,886,1356,4401,3698,6339,171,1194,125,3023,6796,2367,1262,288,3814,3773,6922,13831,2583,1026,2387,3824,548,2364,4697,2096,3352,8614,2566,7817,3946,348,54,2426,831,3630,9265,3736,1755,4874,9700,2523,1536,404,914,4811,215,655,5767,1811,1407,1289,1581,1535,1787,858,2871,2135,2588,2342,1719,2601,3707,1931,1569,1732,6197,40,997,420,1364,3363,3489,15589,663,165,399,3046,2267,173,1205,82,194,652,3312,199,201,2089,77,199,184,1401,717,499,678,241,211,190,602,41,0,16262,2722,96,1595,1806,298,707,1366,1213,4675,1586,6262,1665,2261,3435,829,477,295,1042,2153,2956,4455,,,,,,,,,,,,,,,,
housing_construction_permit_performance,,,,,,,,,,,,,,,,,,,,,,,,,,,,,,,,,,,,,1569,895,2003,2148,2034,1987,7501,11819,13284,8341,4842,7838,1501,2636,1137,14796,6445,5199,4473,2485,1591,1587,1648,6076,794,1895,1344,1941,3421,1476,875,1029,2001,2768,3729,16613,1475,1451,4992,3325,2842,1836,2007,2744,3669,2970,2067,42874,5075,4881,5578,10934,7666,7396,6601,3651,7553,4191,8552,19220,4594,7041,6741,6425,6347,7121,10662,7988,6254,7017,8950,10274,3928,3311,4335,5623,6511,7046,10989,9022,5807,5661,5574,12553,4244,3205,4531,6278,8067,10434,4635,2873,5732,6798,7516,3606,3804,4777,8358,6079,4890,10331,16000,8952,11519,11704,6240,12648,5958,6242,4926,11199,5284,5483,10692,6597,3661,4991,5202,9830,5466,9720,7631,8138,5387,6363,8990,7808,17325,16067,8243,16399,6123,3818,4750,5742,5999,4184,6740,4543,3845,5987,8681,9546,8376,5599,15332,3624,3479,2694,3875,4490,2765,3130,4443,6777,3596,5863,4801,4483,4236,3826,4590,3238,5502,7188,4951,7923,2912,7054,6871,10331,4667,6445,9099,4717,12026,8157,7551,5447,3863,6128,3127,3875,2740,6053,3244,2885,998,4562,2296,3993,1923,6630,4258,2602,1011,1322,2625,3490,376,3684,6903,3953,2525,2503,1573,689,3401,2674,3404,5844,,,,,,,,,,,,,,,,
housing_construction_completion_performance,,,,,,,,,,,,,,,,,,,,,,,,,,,,,,,,,,,,,,,,,,,,,,,,,,,,,,,,,,,,,,,,,,,,,,,,,,,,,,,3513,4254,1458,1963,1947,10049,7033,4795,1642,5293,2304,4355,6276,3573,4460,7818,8427,9117,5944,4207,3489,4304,5562,5047,4111,6122,6798,6956,6228,6347,5724,4182,3464,3853,5401,6809,3859,5182,7047,8047,9835,6560,5813,4713,6793,8686,9440,4226,5795,7826,3631,8760,4410,4725,5431,3909,3304,7634,4186,5001,5487,6968,6677,5512,4772,5881,8247,5646,5447,7047,7329,6417,7396,8523,6195,3828,6166,14696,5869,5178,6034,6834,4923,5652,6618,7913,6764,3299,5732,5968,4366,4079,4060,4398,6317,6430,5969,4731,5337,8866,6591,16410,4926,12947,2898,4160,4259,6952,5146,4477,10999,3701,5929,8979,5843,10637,6778,7128,5634,6292,6980,6216,10000,2328,4868,8702,5276,10656,5724,3423,4396,5112,7040,5848,4445,3208,6128,10173,6021,3986,6718,5457,3034,3061,2327,8067,1943,4541,4120,6954,3214,2103,2825,2795,1499,6767,9387,5003,1915,1946,1675,2089,4073,3496,2362,585,4341,3100,2556,2432,,,,,,,,,,,,,,,,
housing_construction_start_performance,,,,,,,,,,,,,,,,,,,,,,,,,,,,,,,,,,,,,,,,,,,,,,,,,,,,,,,,,,,,,,,,,,,,,,,,,,,,,,,,,,,,,1091,2102,8842,6342,4636,8728,5625,4356,5457,9522,5091,15865,5486,4713,8786,7302,8727,4294,6108,8910,8331,3361,2637,4619,1900,3944,5181,3709,4283,4771,4734,4734,2717,5161,10792,10297,2589,3632,6094,4411,5062,5738,4313,5867,4432,6661,6586,6628,3838,2936,6467,5606,6446,7557,9538,7659,11729,17009,5925,12053,5710,4847,6166,5589,4879,11357,3690,8909,5899,8357,7414,8596,5121,3879,6307,7461,2474,7619,10136,7927,8866,4269,9674,13157,4260,6623,6798,7630,9270,6540,8805,4486,5699,4433,6422,5997,3084,7660,5339,4407,3920,7252,6870,4823,3521,4145,4123,24349,1885,4736,4273,11341,5489,11103,9977,2410,2531,2834,3302,8187,2079,4615,4231,2785,3845,6658,4323,5589,5248,15814,4248,9184,4650,4232,7590,5101,4458,9296,7369,4159,5144,4041,3256,3289,2172,1485,4620,1479,2743,998,1641,1559,726,3965,5765,659,1306,1266,6944,1084,1531,1040,1885,1750,,,,,,,,,,,,,,,,
